"lng","lat","popups"
121.548287390895,25.0563909685318,"<p>上弘</p><p>(02)25472928        </p><p>台北市松山區敦化北路168號B2</p>"
121.552737,25.048396,"<p>中崙</p><p>(02)25774806        </p><p>台北市松山區八德路3段27號</p>"
121.55285,25.050888,"<p>北體</p><p>(02)25771113        </p><p>台北市松山區北寧路66號</p>"
121.551158,25.048086,"<p>台場</p><p>(02)25794824        </p><p>台北市松山區八德路三段20-2號</p>"
121.550836,25.051489,"<p>巨蛋站</p><p>(02)25450939        </p><p>台北市松山區南京東路四段10之1號 B1F</p>"
121.548085,25.045127,"<p>市大</p><p>(02)87710481        </p><p>台北市松山區市民大道路四段105號</p>"
121.54741,25.058518,"<p>民北</p><p>(02)25450784        </p><p>台北市松山區民生東路3段127巷6號</p>"
121.544998,25.061936,"<p>民有</p><p>(02)27154294        </p><p>台北市松山區民權東路3段108號</p>"
121.555146,25.058106,"<p>民復</p><p>(02)25140673        </p><p>台北市松山區民生東路四段130號</p>"
121.553523,25.046301,"<p>吉仁</p><p>(02)25788528        </p><p>台北市松山區延吉街28號</p>"
121.560964399935,25.0509419492939,"<p>吉盛</p><p>(02)27479591        </p><p>台北市松山區南京東路5段66巷3弄1號1樓</p>"
121.553752,25.051459,"<p>京育</p><p>(02)25791284        </p><p>台北市松山區南京東路四段56-1號</p>"
121.559468398803,25.0496719448837,"<p>京復</p><p>(02)27425644        </p><p>台北市松山區光復北路11巷44號</p>"
121.561618400439,25.0517689521709,"<p>京發</p><p>(02)37652632        </p><p>台北市松山區南京東路五段139之4及139之8號</p>"
121.566252404005,25.0572969713977,"<p>延新</p><p>(02)87873357        </p><p>台北市松山區延壽街99號1樓</p>"
121.556423,25.056236,"<p>延壽</p><p>(02)27622884        </p><p>台北市松山區延壽街422號</p>"
121.565903,25.058555,"<p>征東</p><p>(02)27534174        </p><p>台北市松山區新東街15巷1號</p>"
121.565542,25.060341,"<p>征唐</p><p>(02)27616499        </p><p>台北市松山區新東街41-7號</p>"
121.550862,25.057384,"<p>明塑</p><p>(02)27187590        </p><p>台北市松山區民生東路4段54號之2一樓</p>"
121.557920397751,25.0518919526621,"<p>東光</p><p>(02)37651082        </p><p>台北市松山區南京東路5段15號1樓</p>"
121.560308399716,25.058524975786,"<p>東吉</p><p>(02)27622908        </p><p>台北市松山區民生東路五段100號</p>"
121.546337389566,25.0590749779365,"<p>東復</p><p>(02)25472325        </p><p>台北市松山區復興北路313巷25號</p>"
121.555025,25.051768,"<p>東勢</p><p>(02)27172789        </p><p>台北市松山區南京東路4段131號</p>"
121.558171,25.058645,"<p>東榮</p><p>(02)27622216        </p><p>台北市松山區民生東路5段65號</p>"
121.550472,25.058359,"<p>東鑫</p><p>(02)27196327        </p><p>台北市松山區民生東路4段55巷10號</p>"
121.56388,25.052392,"<p>松民</p><p>(02)27480323        </p><p>台北市松山區三民路10號</p>"
121.571303,25.050878,"<p>松禾</p><p>(02)37651361        </p><p>台北市松山區塔悠路31號33號</p>"
121.551514393488,25.06371899407,"<p>松航</p><p>(02)25454821        </p><p>台北市松山區敦化北路340-9號</p>"
121.578011,25.051083,"<p>松饒</p><p>(02)27475146        </p><p>台北市松山區慈祐里八德路4段767號769號</p>"
121.576641,25.049883,"<p>松鑽</p><p>(02)27457876        </p><p>台北市松山區八德路四段686號</p>"
121.550051392149,25.0555259654823,"<p>長塑</p><p>(02)25148851        </p><p>台北市松山區敦化北路199巷2弄9號1樓</p>"
121.546691,25.052477,"<p>南京</p><p>(02)25466532        </p><p>台北市松山區南京東路3段303巷5號</p>"
121.562569,25.04878,"<p>威京</p><p>(02)27564116        </p><p>台北市松山區八德路四段151號</p>"
121.544062,25.045677,"<p>風復</p><p>(02)27110868        </p><p>台北市松山區復興南路1段43號</p>"
121.55106,25.051809,"<p>首都</p><p>(02)25453085        </p><p>台北市松山區南京東路4段51號之2</p>"
121.546062388991,25.0478159386224,"<p>庫德</p><p>(02)87719076        </p><p>台北市松山區八德路2段366巷7號1樓</p>"
121.552453,25.053224,"<p>健一</p><p>(02)25149369        </p><p>台北市松山區健康路11號</p>"
121.561080400121,25.053926959716,"<p>婦聯</p><p>(02)27609484        </p><p>台北市松山區健康路224號</p>"
121.546946,25.048327,"<p>清愿</p><p>(02)27729274        </p><p>台北市松山區八德路2段439號</p>"
121.565443,25.050065,"<p>統威</p><p>(02)27481762        </p><p>台北市松山區東興路13之1號</p>"
121.566819404223,25.0516509516713,"<p>通盈</p><p>(02)27604390        </p><p>台北市松山區南京東路五段315號</p>"
121.549139,25.047157,"<p>復旦</p><p>(02)25777873        </p><p>台北市松山區敦化南路1段5號</p>"
121.545906389169,25.0565789692269,"<p>復安</p><p>(02)27127923        </p><p>台北市松山區民生東路三段130巷2之1號1樓</p>"
121.544337,25.054422,"<p>復春</p><p>(02)27151190        </p><p>台北市松山區復興北路179號</p>"
121.547919390782,25.0610259847241,"<p>敦化</p><p>(02)87129627        </p><p>台北市松山區民權東路三段160巷9號1樓</p>"
121.549585391761,25.0540749604227,"<p>敦北</p><p>(02)25472052        </p><p>台北市松山區敦化北路149號1樓</p>"
121.563263,25.058078,"<p>朝福</p><p>(02)37652976        </p><p>台北市松山區三民路115號</p>"
121.568049,25.059856,"<p>塔優</p><p>(02)27648499        </p><p>台北市松山區撫遠街197號199號</p>"
121.554982395519,25.0490989429572,"<p>新育商</p><p>(02)25774269        </p><p>台北市松山區寧安街3巷11號1樓</p>"
121.556434,25.047914,"<p>新復勢</p><p>(02)25785350        </p><p>台北市松山區八德路三段200號202號1樓</p>"
121.568688,25.051089,"<p>新寶清</p><p>(02)27624852        </p><p>台北市松山區南京東路五段334號336號1樓</p>"
121.576534411261,25.0504089471678,"<p>新饒河</p><p>(02)27632434        </p><p>台北市松山區八德路四段697號1樓</p>"
121.566068404037,25.0621109882123,"<p>福源</p><p>(02)27649672        </p><p>台北市松山區新東街60巷16號18號1樓</p>"
121.564343,25.050443,"<p>影城</p><p>(02)27634585        </p><p>台北市松山區八德路四段245巷35號</p>"
121.544193,25.050146,"<p>樂得</p><p>(02)27401886        </p><p>台北市松山區復興北路35號</p>"
121.548322390798,25.0527389557778,"<p>錢京</p><p>(02)27177520        </p><p>台北市松山區敦化北路100號1樓</p>"
121.567732,25.052698,"<p>聰明</p><p>(02)87874670        </p><p>台北市松山區寶清街34號1樓</p>"
121.56708840434,25.0493649436836,"<p>寶德</p><p>(02)27476621        </p><p>台北市松山區八德路四段321號</p>"
121.560524,25.056714,"<p>鑫壽</p><p>(02)27694858        </p><p>台北市松山區延壽街323號</p>"
121.561392399503,25.0291858733115,"<p>三興</p><p>(02)27335027        </p><p>台北市信義區吳興街156巷2弄2號4號1樓</p>"
121.558791,25.031971,"<p>中興</p><p>(02)27586997        </p><p>台北市信義區基隆路2段22號</p>"
121.558423,25.036561,"<p>仁和</p><p>(02)87891891        </p><p>台北市信義區正和里光復南路419巷41號</p>"
121.568193404422,25.0284618706686,"<p>北府</p><p>(02)27586295        </p><p>台北市信義區松仁路162號164號1樓</p>"
121.56353340099,25.0271778662635,"<p>北醫</p><p>(02)27325119        </p><p>台北市信義區吳興街252號</p>"
121.562224400032,25.0269868656184,"<p>北醫大</p><p>(02)27393090        </p><p>台北市信義區吳興街250號1樓</p>"
121.564101401623,25.0335798886105,"<p>台金</p><p>(02)81018195        </p><p>台北市信義區市府路45號B1之53</p>"
121.565136,25.040914,"<p>市捷</p><p>(02)23453310        </p><p>台北市信義區忠孝東路五段6號1樓</p>"
121.564947402547,25.0425669199801,"<p>必成</p><p>(02)27640912        </p><p>台北市信義區基隆路1段178號180號1樓</p>"
121.568836,25.043534,"<p>永信</p><p>(02)27469874        </p><p>台北市信義區永吉路30巷103號</p>"
121.579504,25.041152,"<p>光東</p><p>(02)23467948        </p><p>台北市信義區忠孝東路五段524巷1弄1號</p>"
121.557644,25.033679,"<p>光復</p><p>(02)27290723        </p><p>台北市信義區光復南路471號</p>"
121.563441,25.024536,"<p>吳興</p><p>(02)27388391        </p><p>台北市信義區吳興街284巷18弄2號</p>"
121.568655,25.036845,"<p>宏泰</p><p>(02)87804531        </p><p>台北市信義區松仁路91-1號1樓</p>"
121.576763411093,25.0408749138696,"<p>忠林</p><p>(02)87893751        </p><p>台北市信義區忠孝東路五段470號1樓</p>"
121.55673,25.028011,"<p>昌隆</p><p>(02)87323266        </p><p>台北市信義區基隆路二段131-4號</p>"
121.562485,25.040821,"<p>東暉</p><p>(02)27205019        </p><p>台北市信義區忠孝東路4段514號</p>"
121.574124,25.040764,"<p>松山</p><p>(02)27229915        </p><p>台北市信義區忠孝東路5段386號</p>"
121.568407,25.026747,"<p>松仁</p><p>(02)27299057        </p><p>台北市信義區松仁路213號</p>"
121.571913407661,25.0437709240663,"<p>松信</p><p>(02)27656147        </p><p>台北市信義區松信路148號1樓</p>"
121.578498,25.035809,"<p>松家</p><p>(02)27263426        </p><p>台北市信義區松山路608號610號</p>"
121.578121,25.04841,"<p>松泰</p><p>(02)27475337        </p><p>台北市信義區松山路11號1樓</p>"
121.565843403221,25.0432129222209,"<p>松高</p><p>(02)27670810        </p><p>台北市信義區基隆路1段141號1樓</p>"
121.565135,25.041321,"<p>松捷</p><p>(02)27638813        </p><p>台北市信義區忠孝東路五段1之6號</p>"
121.564814,25.029133,"<p>松智</p><p>(02)27206585        </p><p>台北市信義區莊敬路325巷43號</p>"
121.574648,25.032912,"<p>松義</p><p>(02)27274474        </p><p>台北市信義區松德路271號</p>"
121.572378408106,25.0468449347933,"<p>松錢</p><p>(02)27658380        </p><p>台北市信義區松隆路192號194號1樓</p>"
121.57405,25.043477,"<p>信吉</p><p>(02)27569832        </p><p>台北市信義區永吉路278巷58弄2號</p>"
121.577097411209,25.0372699012747,"<p>信林</p><p>(02)27278220        </p><p>台北市信義區虎林街222巷7號9號1樓</p>"
121.566679,25.031868,"<p>信運</p><p>(02)27206815        </p><p>台北市信義區松勤街100號1樓</p>"
121.557473,25.026175,"<p>信嘉</p><p>(02)27325703        </p><p>台北市信義區嘉興街181巷21號</p>"
121.573592,25.034775,"<p>信德</p><p>(02)23455160        </p><p>台北市信義區松德路200巷10號</p>"
121.566349,25.025814,"<p>信醫</p><p>(02)27229305        </p><p>台北市信義區吳興街346號348號</p>"
121.568897,25.045624,"<p>革新</p><p>(02)27688917        </p><p>台北市信義區永吉路32號</p>"
121.585974,25.038778,"<p>留公</p><p>(02)27591442        </p><p>台北市信義區福德街249號</p>"
121.560995,25.034597,"<p>國貿</p><p>(02)27576752        </p><p>台北市信義區基隆路一段333號B3</p>"
121.555603395125,25.024081855584,"<p>崇德</p><p>(02)87324275        </p><p>台北市信義區崇德街104號106號1樓</p>"
121.579105,25.04161,"<p>捷忠</p><p>(02)87856027        </p><p>台北市信義區忠孝東路5段617號</p>"
121.56583140308,25.0393739088148,"<p>統誠</p><p>(02)27226519        </p><p>台北市信義區松高路11號B2樓</p>"
121.560031,25.034285,"<p>凱悅</p><p>(02)87864836        </p><p>台北市信義區基隆路一段398號1樓</p>"
121.554413394319,25.0258028616135,"<p>喬治</p><p>(02)27329619        </p><p>台北市信義區基隆路二段155號1樓</p>"
121.56893,25.022205,"<p>惠安</p><p>(02)27582394        </p><p>台北市信義區惠安里吳興街520號</p>"
121.568675405244,25.0420809182198,"<p>敦厚</p><p>(02)27677884        </p><p>台北市信義區永吉路30巷168弄1號1樓</p>"
121.579442,25.038253,"<p>萊福</p><p>(02)27279541        </p><p>台北市信義區林口街48號</p>"
121.577578,25.04727,"<p>開源</p><p>(02)27627486        </p><p>台北市信義區松山路136號138號</p>"
121.563129401155,25.0405529129775,"<p>新三連</p><p>(02)87891461        </p><p>台北市信義區逸仙路42巷25號1樓</p>"
121.571738,25.040158,"<p>新工農</p><p>(02)23456634        </p><p>台北市信義區忠孝東路5段236巷6-3號8號1樓</p>"
121.566793,25.038664,"<p>新光</p><p>(02)27225705        </p><p>台北市信義區松高路12號B1樓</p>"
121.578039,25.039884,"<p>新東宮</p><p>(02)23466878        </p><p>台北市信義區松山路455號</p>"
121.566457,25.047321,"<p>道生</p><p>(02)87682914        </p><p>台北市信義區新仁里東興路57號</p>"
121.575201,25.034161,"<p>嘉馥</p><p>(02)27592619        </p><p>台北市信義區信義路6段11號</p>"
121.583328,25.037658,"<p>福中</p><p>(02)27266631        </p><p>台北市信義區福德街159號161號1樓</p>"
121.575297409907,25.0375209021823,"<p>德鄰</p><p>(02)27272819        </p><p>台北市信義區松德路127號129號1樓</p>"
121.561036,25.031145,"<p>興貿</p><p>(02)87867692        </p><p>台北市信義區景新里莊敬路178巷2號</p>"
121.569502405202,25.0234878532766,"<p>總站</p><p>(02)27585386        </p><p>台北市信義區吳興街486號488號1樓</p>"
121.566697403975,25.0470299355361,"<p>總部</p><p>(02)87874502        </p><p>台北市信義區東興路67號1樓</p>"
121.563667,25.041836,"<p>聯合</p><p>(02)27663728        </p><p>台北市信義區忠孝東路四段559巷6號</p>"
121.563816,25.027156,"<p>醫學</p><p>(02)87803729        </p><p>台北市信義區吳興街257號259號</p>"
121.558895397335,25.0187718369863,"<p>麟運</p><p>(02)87327894        </p><p>台北市信義區和平東路3段461號1樓</p>"
121.577138411504,25.0447909275384,"<p>鑫吉</p><p>(02)87874152        </p><p>台北市信義區虎林街85號</p>"
121.53261437826,25.0179598345753,"<p>大台</p><p>(02)23636229        </p><p>台北市大安區羅斯福路3段283巷14弄16號1樓</p>"
121.546223388913,25.0419469181243,"<p>大安</p><p>(02)87728951        </p><p>台北市大安區大安路1段77號B1樓(東區地下街)</p>"
121.534563,25.033718,"<p>大信</p><p>(02)27096471        </p><p>台北市大安區信義路三段33號</p>"
121.549556390975,25.0311918805121,"<p>大敦</p><p>(02)27045633        </p><p>台北市大安區敦化南路二段63巷7號1樓</p>"
121.534331,25.038516,"<p>中廣</p><p>(02)27526751        </p><p>台北市大安區仁愛路三段25-1號27號</p>"
121.545243,25.038646,"<p>仁安</p><p>(02)87732749        </p><p>台北市大安區仁愛路四段27巷1號</p>"
121.553109,25.043523,"<p>仕吉</p><p>(02)87730907        </p><p>台北市大安區忠孝東路4段223巷42號</p>"
121.533931,25.04241,"<p>北科大</p><p>(02)87733142        </p><p>台北市大安區忠孝東路3段1號(台北科技大學大川堂)</p>"
121.54038,25.012497,"<p>台科三</p><p>(02)27366134        </p><p>台北市大安區基隆路四段43號第三餐廳</p>"
121.529595,25.030427,"<p>永康</p><p>(02)23216948        </p><p>台北市大安區永康街43號</p>"
121.538616,25.02565,"<p>禾光</p><p>(02)27027770        </p><p>台北市大安區和平東路2段63號1樓</p>"
121.551574,25.030018,"<p>立仁</p><p>(02)27066660        </p><p>台北市大安區安和路二段74巷1號</p>"
121.554192,25.042522,"<p>吉忠</p><p>(02)87725413        </p><p>台北市大安區延吉街72號</p>"
121.545411,25.028362,"<p>合旺</p><p>(02)27026159        </p><p>台北市大安區復興南路2段151巷41號</p>"
121.547625389473,25.0281958700811,"<p>合維</p><p>(02)27077030        </p><p>台北市大安區四維路170巷8號1樓</p>"
121.554426,25.020451,"<p>安居</p><p>(02)27332560        </p><p>台北市大安區安居街33號</p>"
121.54642,25.033132,"<p>安信</p><p>(02)27050827        </p><p>台北市大安區信義路四段74號1樓</p>"
121.539647,25.042414,"<p>佑安</p><p>(02)27752136        </p><p>台北市大安區忠孝東路三段217巷1弄2號</p>"
121.550839,25.024519,"<p>技安</p><p>(02)27375613        </p><p>台北市大安區和平東路3段97號</p>"
121.537167,25.023057,"<p>辛亥</p><p>(02)23630291        </p><p>台北市大安區辛亥路2段57號</p>"
121.554624,25.02222,"<p>和安</p><p>(02)27355311        </p><p>台北市大安區和平東路三段230號</p>"
121.525706,25.026918,"<p>和金</p><p>(02)23414965        </p><p>台北市大安區和平東路1段91號</p>"
121.531704,25.026457,"<p>和泰</p><p>(02)23915933        </p><p>台北市大安區和平東路一段169號</p>"
121.555705,25.036636,"<p>延吉</p><p>(02)27087348        </p><p>台北市大安區延吉街237號</p>"
121.548273,25.021004,"<p>昇隆</p><p>(02)27328454        </p><p>台北市大安區敦化南路2段238號</p>"
121.551057392316,25.0386879066647,"<p>欣安和</p><p>(02)87730039        </p><p>台北市大安區安和路一段47號</p>"
121.556496395919,25.0283868706027,"<p>欣隆昌</p><p>(02)23782716        </p><p>台北市大安區基隆路2段142之1號及142之2號</p>"
121.538598383252,25.0380979048053,"<p>芙蓉</p><p>(02)27007482        </p><p>台北市大安區仁愛路三段74號1樓</p>"
121.537272,25.036371,"<p>花市</p><p>(02)27552540        </p><p>台北市大安區建國南路一段274號</p>"
121.526940374646,25.0332818881702,"<p>金信</p><p>(02)23215183        </p><p>台北市大安區金山南路2段18號1樓</p>"
121.528431,25.029814,"<p>金華</p><p>(02)23945455        </p><p>台北市大安區金華街140之1號</p>"
121.54534,25.01781,"<p>長星</p><p>(02)27395493        </p><p>台北市大安區基隆路3段85號</p>"
121.538664,25.03365,"<p>信中</p><p>(02)27033810        </p><p>台北市大安區信義路三段101號</p>"
121.54589,25.034291,"<p>信安</p><p>(02)27048829        </p><p>台北市大安區大安路一段218號</p>"
121.554413,25.034224,"<p>信義</p><p>(02)27005388        </p><p>台北市大安區信義路4段265巷12弄1號</p>"
121.544676,25.033141,"<p>信興</p><p>(02)27018486        </p><p>台北市大安區信義路四段32號</p>"
121.550671,25.042638,"<p>建安</p><p>(02)87730985        </p><p>台北市大安區敦化南路一段187巷29號</p>"
121.541434,25.041794,"<p>建忠</p><p>(02)27416501        </p><p>台北市大安區忠孝東路三段249號</p>"
121.5384,25.028706,"<p>建南</p><p>(02)27549832        </p><p>台北市大安區建國南路二段151巷6之8號</p>"
121.551922392981,25.0397769104535,"<p>建綸</p><p>(02)87717103        </p><p>台北市大安區仁愛路4段151巷27號</p>"
121.529911,25.033133,"<p>恆安</p><p>(02)23576939        </p><p>台北市大安區永康街7-1號</p>"
121.543666,25.026283,"<p>科技站</p><p>(02)27059323        </p><p>台北市大安區復興南路2段203號</p>"
121.536228,25.044269,"<p>科建</p><p>(02)87721391        </p><p>台北市大安區建國南路一段28號30號</p>"
121.528471,25.023193,"<p>師大</p><p>(02)23693200        </p><p>台北市大安區師大路87號</p>"
121.554234,25.036558,"<p>泰利</p><p>(02)27058645        </p><p>台北市大安區仁愛路四段266巷15弄22號</p>"
121.544607387029,25.0205018432615,"<p>國青</p><p>(02)23677680        </p><p>台北市大安區辛亥路3段30號(台大國青宿舍)</p>"
121.556366396237,25.0405719131566,"<p>國館</p><p>(02)27761700        </p><p>台北市大安區光復南路240巷25號</p>"
121.54454,25.042696,"<p>崇光</p><p>(02)27218292        </p><p>台北市大安區復興南路一段135巷5號</p>"
121.546479,25.023345,"<p>教育大學</p><p>(02)27359529        </p><p>台北市大安區敦南街38號</p>"
121.553361394032,25.0399389109956,"<p>統家</p><p>(02)27212029        </p><p>台北市大安區忠孝東路4段216巷27弄1號1樓</p>"
121.552245393299,25.0422549191018,"<p>統領</p><p>(02)27319841        </p><p>台北市大安區忠孝東路四段205巷7弄5號1樓</p>"
121.554216,25.031426,"<p>通化</p><p>(02)27083071        </p><p>台北市大安區通化街26之8號</p>"
121.547229389521,25.0382559052184,"<p>頂好</p><p>(02)87714781        </p><p>台北市大安區仁愛路4段79號1號</p>"
121.546255,25.043521,"<p>頂東</p><p>(02)27521297        </p><p>台北市大安區大安路一段43號</p>"
121.533697,25.016984,"<p>鹿鳴</p><p>(02)23670865        </p><p>台北市大安區羅斯福路4段1號</p>"
121.543243,25.030944,"<p>喜悅</p><p>(02)27067601        </p><p>台北市大安區復興南路2段82-1及82-2號</p>"
121.556246395477,25.0206828437036,"<p>富陽</p><p>(02)27373519        </p><p>台北市大安區和平東路3段298號300號1樓</p>"
121.557335,25.032264,"<p>復昌</p><p>(02)27076154        </p><p>台北市大安區通化里光復南路616號</p>"
121.543897,25.032399,"<p>復維</p><p>(02)27070732        </p><p>台北市大安區復興南路二段17號</p>"
121.549574390796,25.025447860453,"<p>敦禾</p><p>(02)27322654        </p><p>台北市大安區敦化南路二段265巷6號1樓</p>"
121.552397,25.0347,"<p>敦安</p><p>(02)27081857        </p><p>台北市大安區安和路一段86號</p>"
121.550178391539,25.0345658922844,"<p>敦信</p><p>(02)27556047        </p><p>台北市大安區仁愛路4段122巷50號1樓</p>"
121.547216,25.040605,"<p>敦南</p><p>(02)27728928        </p><p>台北市大安區敦化南路一段236巷13號</p>"
121.548128,25.04213,"<p>敦頂</p><p>(02)87716011        </p><p>台北市大安區忠孝東路4段101巷7號</p>"
121.548327390832,25.0236668543539,"<p>敦隆</p><p>(02)27329700        </p><p>台北市大安區敦化南路2段182號</p>"
121.546674389051,25.0362378981803,"<p>敦維</p><p>(02)23255362        </p><p>台北市大安區東豐街43號45號1樓</p>"
121.540983,25.022127,"<p>敦親</p><p>(02)27366095        </p><p>台北市大安區辛亥路二段171巷8號</p>"
121.553541,25.027566,"<p>華電</p><p>(02)27329694        </p><p>台北市大安區通化街177號</p>"
121.549789,25.028692,"<p>新東帝</p><p>(02)27540987        </p><p>台北市大安區敦化南路二段97號1樓</p>"
121.531544,25.025102,"<p>新泰順</p><p>(02)23643011        </p><p>台北市大安區泰順街13號</p>"
121.556961,25.042381,"<p>新國聯</p><p>(02)27752026        </p><p>台北市大安區光復南路180巷12號</p>"
121.529996376413,25.0194188397112,"<p>溫州</p><p>(02)23626249        </p><p>台北市大安區羅斯福路3段245號</p>"
121.533606,25.026015,"<p>溫東</p><p>(02)23623019        </p><p>台北市大安區和平東路一段266號</p>"
121.522046,25.028588,"<p>瑞升</p><p>(02)23435837        </p><p>台北市大安區杭州南路二段91號</p>"
121.541056,25.028544,"<p>瑞安</p><p>(02)27021483        </p><p>台北市大安區瑞安街182號</p>"
121.538224,25.041525,"<p>義村</p><p>(02)27312912        </p><p>台北市大安區忠孝東路三段160號</p>"
121.552885,25.038084,"<p>鳳翔</p><p>(02)87710411        </p><p>台北市大安區忠孝東路4段216巷68號</p>"
121.550849,25.02197,"<p>樂安</p><p>(02)87325204        </p><p>台北市大安區樂業街71號73號</p>"
121.551834392447,25.025776861565,"<p>樂利</p><p>(02)27332646        </p><p>台北市大安區樂利路76號78號1樓</p>"
121.551507,25.02742,"<p>樂和</p><p>(02)87323391        </p><p>台北市大安區樂利路29號29-1號</p>"
121.549609390729,25.0226878508142,"<p>樂隆</p><p>(02)87321701        </p><p>台北市大安區敦化南路二段331巷14號</p>"
121.550932,25.018066,"<p>黎元</p><p>(02)23778253        </p><p>台北市大安區臥龍街188巷1號</p>"
121.545866,25.030789,"<p>豫銘</p><p>(02)27540615        </p><p>台北市大安區大安路2段102號</p>"
121.544478,25.041136,"<p>錢忠</p><p>(02)27526260        </p><p>台北市大安區忠孝東路四段26巷5號</p>"
121.557558,25.040194,"<p>靜安</p><p>(02)27739618        </p><p>台北市大安區光復南路262號</p>"
121.529356,25.023917,"<p>龍延</p><p>(02)23648913        </p><p>台北市大安區師大路59巷13號</p>"
121.535922,25.02575,"<p>龍門</p><p>(02)23625327        </p><p>台北市大安區和平東路2段18號</p>"
121.54291,25.023523,"<p>龍淵</p><p>(02)27336247        </p><p>台北市大安區和平東路二段118巷33號</p>"
121.55074,25.04043,"<p>龍普</p><p>(02)27751069        </p><p>台北市大安區敦化南路一段233巷25號</p>"
121.533873379892,25.0401579120739,"<p>濟南</p><p>(02)27409693        </p><p>台北市大安區濟南路三段12號1樓</p>"
121.552532,25.030523,"<p>臨江</p><p>(02)27844961        </p><p>台北市大安區安和路二段67號</p>"
121.544267,25.036114,"<p>豐安</p><p>(02)27542996        </p><p>台北市大安區東豐街9號</p>"
121.541391,25.041067,"<p>懷生</p><p>(02)27811473        </p><p>台北市大安區忠孝東路3段248巷9號</p>"
121.556997,25.018364,"<p>麟光</p><p>(02)27339761        </p><p>台北市大安區臥龍街252號及252-1號</p>"
121.531154377344,25.0223098497889,"<p>鑫泰</p><p>(02)23623520        </p><p>台北市大安區古風里泰順街64號1樓</p>"
121.542313385788,25.0332808879243,"<p>鑫復</p><p>(02)27085803        </p><p>台北市大安區信義路三段178號1樓</p>"
121.550930393617,25.0802210517084,"<p>大永</p><p>(02)85098737        </p><p>台北市中山區明水路581巷15號1樓</p>"
121.530288,25.05611,"<p>大吉</p><p>(02)25114007        </p><p>台北市中山區吉林路101號</p>"
121.531669,25.058067,"<p>中福</p><p>(02)25434337        </p><p>台北市中山區民生東路2段113號</p>"
121.522757,25.059861,"<p>中錦</p><p>(02)25616582        </p><p>台北市中山區中山北路二段98號</p>"
121.541925386145,25.0526379555284,"<p>元大</p><p>(02)25148676        </p><p>台北市中山區遼寧街110號1樓</p>"
121.525672374274,25.0503729478745,"<p>六條通</p><p>(02)25239327        </p><p>台北市中山區林森北路107巷15號1樓</p>"
121.523591,25.051786,"<p>天津</p><p>(02)25434306        </p><p>台北市中山區天津街65號</p>"
121.523081,25.068315,"<p>民美</p><p>(02)25957805        </p><p>台北市中山區圓山里中山北路3段57號</p>"
121.548833392023,25.0782550448769,"<p>永明</p><p>(02)25329027        </p><p>台北市中山區明水路397巷7弄25號1樓</p>"
121.534660380814,25.050953949763,"<p>伊東</p><p>(02)25092665        </p><p>台北市中山區伊通街30號1樓</p>"
121.530479,25.064896,"<p>吉安</p><p>(02)25943806        </p><p>台北市中山區吉林路365號367號</p>"
121.530377,25.06028,"<p>吉林</p><p>(02)25312934        </p><p>台北市中山區吉林路209號1樓2樓</p>"
121.539056,25.055827,"<p>合江</p><p>(02)25054339        </p><p>台北市中山區合江街60號</p>"
121.543505,25.04981,"<p>朱崙</p><p>(02)27788824        </p><p>台北市中山區朱崙街60號1樓</p>"
121.53175237863,25.0486939419164,"<p>江東</p><p>(02)25223791        </p><p>台北市中山區長安東路2段43號45-1號1樓</p>"
121.53159537866,25.0531269573998,"<p>江陵</p><p>(02)25815356        </p><p>台北市中山區一江街23號1樓</p>"
121.534839,25.064642,"<p>行天</p><p>(02)25050197        </p><p>台北市中山區農安街178號</p>"
121.525701,25.059767,"<p>京都</p><p>(02)25636575        </p><p>台北市中山區林森北路411號</p>"
121.535927,25.058118,"<p>佳佳</p><p>(02)25164363        </p><p>台北市中山區民生東路二段157號</p>"
121.551324,25.082822,"<p>明水</p><p>(02)85027760        </p><p>台北市中山區明水路636號樂群三路1號</p>"
121.541676,25.046915,"<p>東崙</p><p>(02)27754769        </p><p>台北市中山區八德路二段282號</p>"
121.524673,25.057908,"<p>林北</p><p>(02)25216905        </p><p>台北市中山區民生東路1段46號46-1號1樓</p>"
121.525596,25.065,"<p>林安</p><p>(02)25931799        </p><p>台北市中山區林森北路572號</p>"
121.525518,25.061745,"<p>林森</p><p>(02)25111563        </p><p>台北市中山區林森北路500號</p>"
121.525399374338,25.0585859765602,"<p>林森北</p><p>(02)25362285        </p><p>台北市中山區林森北路380之1號1樓</p>"
121.53364,25.052614,"<p>松盛</p><p>(02)25022910        </p><p>台北市中山區南京東路二段115巷1號</p>"
121.533228379783,25.0512359507704,"<p>松運</p><p>(02)25179248        </p><p>台北市中山區松江路101號</p>"
121.533375,25.061017,"<p>松錦</p><p>(02)25170793        </p><p>台北市中山區松江路295號295-1號1樓</p>"
121.532967,25.057829,"<p>松鑫</p><p>(02)25412232        </p><p>台北市中山區松江路208號</p>"
121.548997,25.081951,"<p>欣旺</p><p>(02)25321290        </p><p>台北市中山區北安路604號606號</p>"
121.54919,25.084047,"<p>直安</p><p>(02)25330894        </p><p>台北市中山區北安路649號</p>"
121.53809038366,25.0618109876236,"<p>金宴</p><p>(02)25168142        </p><p>台北市中山區建國北路二段151巷8號1樓</p>"
121.519993,25.062707,"<p>金鑽</p><p>(02)25116854        </p><p>台北市中山區民權西路66號</p>"
121.522468,25.054554,"<p>長中</p><p>(02)25676232        </p><p>台北市中山區中山北路2段40-1號</p>"
121.523677,25.055064,"<p>長北</p><p>(02)25112677        </p><p>台北市中山區長春路11號</p>"
121.53315,25.048989,"<p>長松</p><p>(02)25045817        </p><p>台北市中山區松江路65號</p>"
121.522919,25.04943,"<p>長津</p><p>(02)25812531        </p><p>台北市中山區長安東路1段12號</p>"
121.535112,25.048533,"<p>長通</p><p>(02)25157845        </p><p>台北市中山區長安東路二段101號</p>"
121.528001375906,25.0485899416118,"<p>長新</p><p>(02)25676401        </p><p>台北市中山區長安東路1段75號1樓</p>"
121.543105386969,25.0516159519404,"<p>威克</p><p>(02)87738717        </p><p>台北市中山區南京東路3段208號1樓</p>"
121.537309382831,25.0538289597612,"<p>建欣</p><p>(02)25177302        </p><p>台北市中山區建國北路2段13號1樓</p>"
121.537333383052,25.0600379814439,"<p>建錦</p><p>(02)25080523        </p><p>台北市中山區建國北路2段127號1樓B1樓</p>"
121.540944385616,25.0582089749991,"<p>建龍</p><p>(02)25167713        </p><p>台北市中山區龍江路239號1樓</p>"
121.531351,25.054931,"<p>春城</p><p>(02)25316181        </p><p>台北市中山區長春路135號135之1號</p>"
121.526506,25.055017,"<p>春森</p><p>(02)25641630        </p><p>台北市中山區長春路67號</p>"
121.540615,25.054752,"<p>春龍</p><p>(02)25021405        </p><p>台北市中山區長春路257號</p>"
121.523404,25.052824,"<p>柯鑫</p><p>(02)25819363        </p><p>台北市中山區中山北路2段11巷3號1樓</p>"
121.557303,25.084665,"<p>美麗華</p><p>(02)85093170        </p><p>台北市中山區北安路839-1號</p>"
121.529073,25.063212,"<p>原中</p><p>(02)25919553        </p><p>台北市中山區中原街121號</p>"
121.537779383126,25.0523999547634,"<p>國京</p><p>(02)25075809        </p><p>台北市中山區南京東路三段21號1樓</p>"
121.527073,25.051316,"<p>國旺</p><p>(02)25425330        </p><p>台北市中山區南京東路一段132巷8號</p>"
121.523054,25.057435,"<p>國賓</p><p>(02)25119429        </p><p>台北市中山區中山北路二段75-1號</p>"
121.53419,25.0547,"<p>國學</p><p>(02)25068651        </p><p>台北市中山區長春路182號</p>"
121.559239399661,25.0797440499053,"<p>基河</p><p>(02)85029131        </p><p>台北市中山區樂群二路206號1樓</p>"
121.523298,25.050779,"<p>崑崙</p><p>(02)25604745        </p><p>台北市中山區中山北路一段105巷13號</p>"
121.533233,25.054356,"<p>莊福</p><p>(02)25045845        </p><p>台北市中山區長春路168號</p>"
121.522933,25.066674,"<p>麥田</p><p>(02)25854392        </p><p>台北市中山區晴光里中山北路3段47號</p>"
121.528863,25.062475,"<p>勝權</p><p>(02)21001511        </p><p>台北市中山區民權東路二段26號</p>"
121.543829,25.053385,"<p>復北</p><p>(02)27184351        </p><p>台北市中山區復興北路164號1樓</p>"
121.54402,25.060105,"<p>復錦</p><p>(02)25070083        </p><p>台北市中山區復興北路352號</p>"
121.525348,25.054597,"<p>晶華</p><p>(02)25217133        </p><p>台北市中山區林森北路262號</p>"
121.525081,25.060395,"<p>曾德</p><p>(02)25819250        </p><p>台北市中山區錦州街21-2號</p>"
121.524912,25.050914,"<p>森北</p><p>(02)25372282        </p><p>台北市中山區林森北路108號1樓2樓</p>"
121.522428372069,25.0550079641108,"<p>翔運</p><p>(02)25819619        </p><p>台北市中山區中山北路2段44巷2號1樓</p>"
121.529979,25.051479,"<p>圓武</p><p>(02)25314574        </p><p>台北市中山區吉林路28號</p>"
121.557629,25.079591,"<p>敬群</p><p>(02)85012964        </p><p>台北市中山區樂群二路154號1樓</p>"
121.546432,25.082837,"<p>新大直</p><p>(02)25329890        </p><p>台北市中山區北安路621巷48號</p>"
121.539101,25.058018,"<p>新西華</p><p>(02)25036845        </p><p>台北市中山區民生東路3段31號</p>"
121.524204,25.065894,"<p>新晴光</p><p>(02)25951416        </p><p>台北市中山區雙城街30號1樓</p>"
121.521385,25.060299,"<p>新錦祥</p><p>(02)25311037        </p><p>台北市中山區錦西街16號</p>"
121.536452,25.050922,"<p>新寶</p><p>(02)25079128        </p><p>台北市中山區建國北路一段136號</p>"
121.526417,25.064817,"<p>農安</p><p>(02)25954401        </p><p>台北市中山區農安街28-2號</p>"
121.546189,25.083755,"<p>實踐大學</p><p>(02)85091737        </p><p>台北市中山區大直街70號1樓</p>"
121.540876,25.066902,"<p>榮金</p><p>(02)25013144        </p><p>台北市中山區龍江路384巷1號</p>"
121.540838,25.06484,"<p>榮星</p><p>(02)25094506        </p><p>台北市中山區龍江路322號</p>"
121.536698,25.065677,"<p>榮鑫</p><p>(02)25069116        </p><p>台北市中山區建國北路三段91號</p>"
121.53188437917,25.0624209898518,"<p>福權</p><p>(02)25679782        </p><p>台北市中山區民權東路2段96號98號1樓</p>"
121.522496,25.064859,"<p>撫順</p><p>(02)25978663        </p><p>台北市中山區中山北路三段23-6號</p>"
121.542807,25.047182,"<p>潤泰</p><p>(02)27765865        </p><p>台北市中山區八德路二段314號</p>"
121.528054,25.06497,"<p>稻江</p><p>(02)25850268        </p><p>台北市中山區新生北路3段35號</p>"
121.543131387132,25.0559879672078,"<p>興復</p><p>(02)25026965        </p><p>台北市中山區興安街112號一樓</p>"
121.523569,25.060247,"<p>錦北</p><p>(02)25418586        </p><p>台北市中山區錦州街8號</p>"
121.539297,25.060348,"<p>錦合</p><p>(02)25040526        </p><p>台北市中山區合江街117號</p>"
121.532428379503,25.0605099831696,"<p>錦捷</p><p>(02)25628396        </p><p>台北市中山區錦州街229號1樓</p>"
121.540835,25.06016,"<p>錦龍</p><p>(02)25080595        </p><p>台北市中山區龍江路281-1號</p>"
121.540255384938,25.0528339562396,"<p>龍京</p><p>(02)25079295        </p><p>台北市中山區龍江路104號1樓</p>"
121.539345384718,25.0662420030776,"<p>濱江</p><p>(02)25171393        </p><p>台北市中山區龍江路356巷39及41號1樓</p>"
121.555941,25.083639,"<p>薇美</p><p>(02)85015681        </p><p>台北市中山區敬業三路11號1樓</p>"
121.54358,25.062525,"<p>權東</p><p>(02)25159982        </p><p>台北市中山區民權東路3段73號</p>"
121.533398,25.063791,"<p>權松</p><p>(02)25184764        </p><p>台北市中山區松江路363號</p>"
121.524784,25.056124,"<p>歡唱</p><p>(02)25719203        </p><p>台北市中山區林森北路310巷10號1樓</p>"
121.540528,25.048193,"<p>鑫安江</p><p>(02)27774809        </p><p>台北市中山區長安東路二段178號178-1號1樓</p>"
121.531597,25.051165,"<p>鑫東一</p><p>(02)25815255        </p><p>台北市中山區一江街11號13號</p>"
121.526524,25.049147,"<p>鑫長安</p><p>(02)25813841        </p><p>台北市中山區長安東路一段53巷1之3號</p>"
121.5215043713,25.0519079532991,"<p>鑫越</p><p>(02)25219360        </p><p>台北市中山區南京西路12巷9號1樓</p>"
121.525996375037,25.0668620054526,"<p>鑫德惠</p><p>(02)25995347        </p><p>台北市中山區德惠街15號1樓</p>"
121.534911,25.060377,"<p>鑫錦州</p><p>(02)25122462        </p><p>台北市中山區錦州街263號</p>"
121.533288,25.05645,"<p>鑫櫃</p><p>(02)25153336        </p><p>台北市中山區松江路183號183-1號1樓</p>"
121.522903,25.043751,"<p>千成</p><p>(02)23577481        </p><p>台北市中正區林森南路4號之3</p>"
121.516971,25.045748,"<p>千翔</p><p>(02)23123025        </p><p>台北市中正區許昌街17號1樓</p>"
121.511644363883,25.0431539228778,"<p>大永博</p><p>(02)23826912        </p><p>台北市中正區博愛路97號1樓</p>"
121.522538,25.042552,"<p>中航</p><p>(02)23278931        </p><p>台北市中正區林森南路12號</p>"
121.523275,25.036515,"<p>中華電</p><p>(02)33433607        </p><p>台北市中正區信義路一段21-3號B1樓</p>"
121.520249,25.033082,"<p>中愛</p><p>(02)23415461        </p><p>台北市中正區寧波東街17號1樓</p>"
121.510506,25.045116,"<p>中樂</p><p>(02)23122424        </p><p>台北市中正區延平南路47號</p>"
121.525546,25.03905,"<p>丹陽</p><p>(02)23516914        </p><p>台北市中正區杭州南路一段83號</p>"
121.528948,25.038452,"<p>仁金</p><p>(02)23583428        </p><p>台北市中正區仁愛路二段39號39-1號</p>"
121.519384869613,25.0471334366581,"<p>北高鐵</p><p>(02)23149940        </p><p>台北市中正區北平西路3號B1樓</p>"
121.523660371927,25.0224888505301,"<p>古亭</p><p>(02)23646532        </p><p>台北市中正區汀州路二段210號</p>"
121.52213,25.040172,"<p>台大</p><p>(02)23928922        </p><p>台北市中正區林森南路53號55號</p>"
121.51771,25.047316,"<p>台北1</p><p>(02)23892260        </p><p>台北市中正區北平西路3號(東南站)</p>"
121.516349,25.047529,"<p>台北2</p><p>(02)23892306        </p><p>台北市中正區北平西路3號(西南站)</p>"
121.516841,25.048427,"<p>台北3</p><p>(02)23115743        </p><p>台北市中正區北平西路3號(西北站)</p>"
121.517868,25.048114,"<p>台北4</p><p>(02)23892297        </p><p>台北市中正區北平西路3號(東北站)</p>"
121.516806,25.047944,"<p>台北五</p><p>(02)23894079        </p><p>台北市中正區北平西路3號</p>"
121.516806,25.047944,"<p>台北六</p><p>(02)23897990        </p><p>台北市中正區北平西路3號</p>"
121.518616,25.040756,"<p>台醫</p><p>(02)23210446        </p><p>台北市中正區中山南路7號B1 樓</p>"
121.5095,25.02805,"<p>汀州</p><p>(02)23098147        </p><p>台北市中正區汀州路一段129號</p>"
121.522798,25.025511,"<p>同昌</p><p>(02)23679923        </p><p>台北市中正區南昌路2段173號</p>"
121.530537,25.042845,"<p>忠聯</p><p>(02)23215793        </p><p>台北市中正區忠孝東路二段100號1樓</p>"
121.525349373558,25.0353028952524,"<p>杭信</p><p>(02)23584603        </p><p>台北市中正區信義路2段15號1樓</p>"
121.509514362398,25.0449439291606,"<p>欣漢華</p><p>(02)23613686        </p><p>台北市中正區中華路一段41號1樓</p>"
121.527393,25.035486,"<p>金山</p><p>(02)23560002        </p><p>台北市中正區金山南路1段108號</p>"
121.521392,25.043946,"<p>青島</p><p>(02)23516965        </p><p>台北市中正區青島東路4號</p>"
121.517221,25.031126,"<p>南昌</p><p>(02)23933036        </p><p>台北市中正區南昌路一段72號</p>"
121.515324,25.032037,"<p>南海</p><p>(02)23962768        </p><p>台北市中正區南海路50號</p>"
121.518814,25.02397,"<p>牯嶺</p><p>(02)23686248        </p><p>台北市中正區廈門街99巷19-2號1樓</p>"
121.531239,25.04556,"<p>秋葉原</p><p>(02)23411823        </p><p>台北市中正區市民大道3段2號B2樓</p>"
121.508594,25.040309,"<p>英雄館</p><p>(02)23888493        </p><p>台北市中正區長沙街一段20號1樓</p>"
121.530801376896,25.0163358289325,"<p>軍總</p><p>(02)23653720        </p><p>台北市中正區汀州路三段129號</p>"
121.513528,25.044167,"<p>重南</p><p>(02)23884895        </p><p>台北市中正區武昌街一段1-2號1樓</p>"
121.52075,25.026586,"<p>晉江</p><p>(02)23654771        </p><p>台北市中正區和平西路一段26號</p>"
121.515294366617,25.0460789330375,"<p>站前店</p><p>(02)23316148        </p><p>台北市中正區忠孝西路1段66號B1樓</p>"
121.516883,25.037241,"<p>國圖</p><p>(02)23141506        </p><p>台北市中正區中山南路20號B1樓</p>"
121.517672368375,25.0472009369198,"<p>捷市</p><p>(02)23713477        </p><p>台北市中正區忠孝西路一段49號B3樓</p>"
121.515583,25.046575,"<p>捷戰</p><p>(02)23826275        </p><p>台北市中正區忠孝西路一段50-1號(捷運地下街)</p>"
121.508221360879,25.0260828633141,"<p>掬華</p><p>(02)23375810        </p><p>台北市中正區中華路2段407號</p>"
121.513148,25.035688,"<p>教育大</p><p>(02)23123272        </p><p>台北市中正區愛國西路1號教育大學內</p>"
121.534345,25.013669,"<p>統全</p><p>(02)23658638        </p><p>台北市中正區汀州路三段249號</p>"
121.531887,25.042148,"<p>統聯</p><p>(02)23579051        </p><p>台北市中正區忠孝東路二段130-2號130-3號</p>"
121.525559374038,25.0455529310439,"<p>紹興</p><p>(02)23224595        </p><p>台北市中正區紹興北街37號1樓</p>"
121.511392363736,25.0442759267998,"<p>博美</p><p>(02)23712385        </p><p>台北市中正區武昌街一段45號1樓</p>"
121.531095,25.014415,"<p>博源</p><p>(02)23684419        </p><p>台北市中正區思源街16號</p>"
121.525618,25.044106,"<p>華山</p><p>(02)23214407        </p><p>台北市中正區忠孝東路1段138號</p>"
121.508334,25.04138,"<p>華慶</p><p>(02)23886735        </p><p>台北市中正區中華路一段59之16號</p>"
121.51226436442,25.0459859327584,"<p>開博</p><p>(02)23119208        </p><p>台北市中正區開封街一段40號42號1樓</p>"
121.532495,25.037107,"<p>新南</p><p>(02)23435207        </p><p>台北市中正區新生南路1段126-7號</p>"
121.512786,25.042408,"<p>新格蘭</p><p>(02)23705929        </p><p>台北市中正區衡陽路27號</p>"
121.522709,25.036486,"<p>新紹南</p><p>(02)23219916        </p><p>台北市中正區信義路一段13-1號</p>"
121.530154,25.034431,"<p>新雲</p><p>(02)23939186        </p><p>台北市中正區三愛里連雲街81號</p>"
121.517404,25.025584,"<p>新廈門</p><p>(02)23677374        </p><p>台北市中正區廈門街42號46號</p>"
121.507572,25.034476,"<p>新愛國</p><p>(02)23710027        </p><p>台北市中正區延平南路177號</p>"
121.526474,25.021987,"<p>新羅福</p><p>(02)23686283        </p><p>台北市中正區羅斯福路3段82號</p>"
121.504288,25.031165,"<p>萬光</p><p>(02)23021224        </p><p>台北市中正區中華路二段157號</p>"
121.517414,25.0455,"<p>萬翔</p><p>(02)23757275        </p><p>台北市中正區公園路13號</p>"
121.518746,25.031515,"<p>寧波</p><p>(02)23221617        </p><p>台北市中正區寧波西街3號</p>"
121.512207364354,25.0451669298991,"<p>漢慶</p><p>(02)23122948        </p><p>台北市中正區漢口街一段82號1樓</p>"
121.515885,25.044567,"<p>興信鑫</p><p>(02)23144196        </p><p>台北市中正區信陽街12號14號1樓</p>"
121.531172,25.040321,"<p>濟新</p><p>(02)33224217        </p><p>台北市中正區濟南路2段50號</p>"
121.527801,25.034531,"<p>臨沂</p><p>(02)23938772        </p><p>台北市中正區文祥里臨沂街74號76號</p>"
121.521933,25.027316,"<p>羅亭</p><p>(02)23929446        </p><p>台北市中正區羅斯福路二段68號</p>"
121.532336377982,25.0155928263138,"<p>羅館</p><p>(02)23672814        </p><p>台北市中正區羅斯福路3段316巷16號1樓</p>"
121.508064,25.03554,"<p>警廣</p><p>(02)23717603        </p><p>台北市中正區廣州街10-2號10-3號10-4部分號1樓</p>"
121.513355,25.047041,"<p>鑫大孝</p><p>(02)23719010        </p><p>台北市中正區黎明里重慶南路一段1-1號一樓</p>"
121.516767,25.044642,"<p>鑫公信</p><p>(02)23898704        </p><p>台北市中正區信陽街2-1號</p>"
121.518477,25.046208,"<p>鑫台北</p><p>(02)23312768        </p><p>台北市中正區黎明里忠孝西路一段35號一樓</p>"
121.526566,25.042442,"<p>鑫杭</p><p>(02)23579224        </p><p>台北市中正區杭州南路1段23號</p>"
121.513801,25.026358,"<p>鑫泉州</p><p>(02)23054054        </p><p>台北市中正區汀州路一段285號一樓</p>"
121.515924366567,25.029933876647,"<p>鑫重寧</p><p>(02)33225836        </p><p>台北市中正區寧波西街86號1樓</p>"
121.519784,25.029604,"<p>鑫國語</p><p>(02)23964338        </p><p>台北市中正區福州街11-3號11-4號</p>"
121.514099,25.045409,"<p>鑫華福</p><p>(02)23707435        </p><p>台北市中正區懷寧街30號32號1樓</p>"
121.5137773654,25.042294919846,"<p>鑫衡陽</p><p>(02)23316456        </p><p>台北市中正區衡陽路6號1樓</p>"
121.535305380036,25.0126568160143,"<p>鑫館</p><p>(02)23679745        </p><p>台北市中正區汀州路3段269號1樓2樓</p>"
121.51858836961,25.0653320002231,"<p>三德</p><p>(02)25955432        </p><p>台北市大同區承德路三段55號57號1樓</p>"
121.515872,25.065797,"<p>大龍</p><p>(02)25947220        </p><p>台北市大同區昌吉街72號74號76號</p>"
121.50919,25.050911,"<p>中興醫</p><p>(02)25501134        </p><p>台北市大同區鄭州路145號B1</p>"
121.519287,25.057605,"<p>仟發</p><p>(02)25570749        </p><p>台北市大同區民生西路95號97號</p>"
121.51253236532,25.0686020117343,"<p>延民</p><p>(02)25952932        </p><p>台北市大同區民族西路246號248號1樓</p>"
121.511137,25.065876,"<p>延年</p><p>(02)25978111        </p><p>台北市大同區延平北路3段61-5號</p>"
121.511607,25.058295,"<p>延埕</p><p>(02)25520267        </p><p>台北市大同區延平北路2段159號161號</p>"
121.512028364432,25.0518469532297,"<p>延華</p><p>(02)25506316        </p><p>台北市大同區延平北路一段89號91號93號1樓</p>"
121.510788364075,25.0692420139955,"<p>延龍</p><p>(02)25969446        </p><p>台北市大同區延平北路四段16號18號1樓</p>"
121.516684,25.050444,"<p>承華</p><p>(02)25562955        </p><p>台北市大同區承德路一段22號</p>"
121.51810336926,25.0653870004226,"<p>昌吉</p><p>(02)25927056        </p><p>台北市大同區承德路三段60號60-1號</p>"
121.517966368703,25.0508749497457,"<p>長峰</p><p>(02)25556859        </p><p>台北市大同區長安西路45之2號47號1樓</p>"
121.515727,25.071883,"<p>保聖</p><p>(02)25992807        </p><p>台北市大同區酒泉街58號60號</p>"
121.513,25.053913,"<p>南西</p><p>(02)25597707        </p><p>台北市大同區南京西路316號</p>"
121.514002,25.073896,"<p>哈蜜</p><p>(02)25970450        </p><p>台北市大同區重慶北路3段309號</p>"
121.511182,25.057043,"<p>迪化</p><p>(02)25529032        </p><p>台北市大同區民生西路343號345號</p>"
121.513568366163,25.071528021937,"<p>酒泉</p><p>(02)25959849        </p><p>台北市大同區重慶北路三段260號1-2樓</p>"
121.511303364156,25.0598619812306,"<p>涼州</p><p>(02)25538157        </p><p>台北市大同區延平北路二段232號234號1樓</p>"
121.511357,25.073077,"<p>湧久</p><p>(02)25982186        </p><p>台北市大同區延平北路4段157號159號</p>"
121.510538363431,25.0543579620209,"<p>詠樂</p><p>(02)25569749        </p><p>台北市大同區南京西路233巷15號17號1.2樓</p>"
121.51931537031,25.0707810192413,"<p>圓泉</p><p>(02)25997457        </p><p>台北市大同區酒泉街25號27號1樓</p>"
121.514576,25.054271,"<p>圓慶</p><p>(02)25567571        </p><p>台北市大同區南京西路127號</p>"
121.510677363465,25.0522239545664,"<p>塔城</p><p>(02)25584706        </p><p>台北市大同區長安西路271號1樓及273巷2號1樓</p>"
121.5138,25.055701,"<p>新慶陽</p><p>(02)25565584        </p><p>台北市大同區重慶北路2段60號</p>"
121.518552,25.072542,"<p>德倫</p><p>(02)25875361        </p><p>台北市大同區承德路3段240號242號1樓</p>"
121.513907366228,25.0657540017678,"<p>慶吉</p><p>(02)25954240        </p><p>台北市大同區重慶北路三段47號49號1樓</p>"
121.508791,25.053291,"<p>稻埕</p><p>(02)25525790        </p><p>台北市大同區南京西路436號1F</p>"
121.515741,25.049012,"<p>鄭州</p><p>(02)25597684        </p><p>台北市大同區鄭州路3-2號</p>"
121.515199,25.058493,"<p>靜中</p><p>(02)25529387        </p><p>台北市大同區寧夏路71號</p>"
121.514479,25.060779,"<p>篷萊</p><p>(02)25539665        </p><p>台北市大同區寧夏路131-1號</p>"
121.517531,25.057195,"<p>雙連</p><p>(02)25558245        </p><p>台北市大同區民生西路176號</p>"
121.516291367879,25.0632519929942,"<p>權鑫</p><p>(02)25995942        </p><p>台北市大同區民權西路157之1號1樓</p>"
121.515105,25.050371,"<p>鑫太原</p><p>(02)25591974        </p><p>台北市大同區太原路40號42號44號</p>"
121.514995,25.056876,"<p>鑫寧</p><p>(02)25508002        </p><p>台北市大同區民生西路214號216號1樓</p>"
121.504954,25.03305,"<p>大埔</p><p>(02)23029545        </p><p>台北市萬華區中華路2段34號</p>"
121.49779,25.019961,"<p>大華</p><p>(02)23390762        </p><p>台北市萬華區萬大路495號497號</p>"
121.509959,25.024629,"<p>中寧</p><p>(02)23014902        </p><p>台北市萬華區中華路2段602-1-2號一樓</p>"
121.505238359344,25.0462369337394,"<p>六福</p><p>(02)23311176        </p><p>台北市萬華區漢口街二段73號1樓</p>"
121.504863,25.042891,"<p>世運</p><p>(02)23753064        </p><p>台北市萬華區昆明街81號83號</p>"
121.50431435858,25.0431429229482,"<p>成都</p><p>(02)23882392        </p><p>台北市萬華區成都路96號1樓</p>"
121.50154,25.02351,"<p>克難</p><p>(02)23379081        </p><p>台北市萬華區萬青街168號</p>"
121.498840354373,25.0349038942561,"<p>宏旭</p><p>(02)23025905        </p><p>台北市萬華區西園路一段238號1之2樓</p>"
121.505899,25.044383,"<p>昆寧</p><p>(02)23709656        </p><p>台北市萬華區西寧南路50巷3號5號</p>"
121.505913359865,25.0473009374451,"<p>昆福</p><p>(02)23717744        </p><p>台北市萬華區昆明街30-1號30-2號1樓</p>"
121.506911360449,25.0428269218063,"<p>明日</p><p>(02)23149156        </p><p>台北市萬華區成都路27巷1號1樓</p>"
121.505720359073,25.026092863386,"<p>青園</p><p>(02)23012464        </p><p>台北市萬華區青年路18號1樓</p>"
121.503061,25.038297,"<p>桂明</p><p>(02)23892844        </p><p>台北市萬華區桂林路55號</p>"
121.497735,25.038404,"<p>桂林</p><p>(02)23040689        </p><p>台北市萬華區桂林路160號</p>"
121.502573,25.028041,"<p>國雙</p><p>(02)23390812        </p><p>台北市萬華區新忠里西藏路125巷17號</p>"
121.507448,25.044047,"<p>捷盟</p><p>(02)23895672        </p><p>台北市萬華區漢中街51號</p>"
121.497608,25.020124,"<p>富帆</p><p>(02)23012146        </p><p>台北市萬華區華中里萬大路464號一樓</p>"
121.493038,25.034099,"<p>華江</p><p>(02)23088154        </p><p>台北市萬華區華江里20鄰環河南路2段200號</p>"
121.503513,25.029696,"<p>華藏</p><p>(02)23034547        </p><p>台北市萬華區西藏路107號107之1號1樓</p>"
121.491692,25.033206,"<p>華雙</p><p>(02)23065408        </p><p>台北市萬華區環河南路二段252號</p>"
121.506892,25.046539,"<p>開寧</p><p>(02)23884024        </p><p>台北市萬華區西寧南路16號</p>"
121.494908,25.031538,"<p>園舺</p><p>(02)23086420        </p><p>台北市萬華區西園路二段140巷52號</p>"
121.503876,25.044335,"<p>新峨嵋</p><p>(02)23704539        </p><p>台北市萬華區峨嵋街111之2號之3號</p>"
121.504879358913,25.0406599142688,"<p>新起</p><p>(02)23147269        </p><p>台北市萬華區長沙街2段87號1樓</p>"
121.50584,25.042485,"<p>新寧南</p><p>(02)23708471        </p><p>台北市萬華區西寧南路80號</p>"
121.500285,25.025252,"<p>新艋舺</p><p>(02)23046585        </p><p>台北市萬華區萬大路292號</p>"
121.500648355415,25.0262188639004,"<p>萬大</p><p>(02)23057808        </p><p>台北市萬華區萬大路245號247號1樓</p>"
121.500345,25.02789,"<p>萬和</p><p>(02)23055379        </p><p>台北市萬華區萬大路184號</p>"
121.494375,25.026133,"<p>萬忠</p><p>(02)23034250        </p><p>台北市萬華區東園街28巷58號</p>"
121.495898,25.02046,"<p>萬東</p><p>(02)23376028        </p><p>台北市萬華區萬大路486巷59弄1號</p>"
121.496790352595,25.0250628599195,"<p>萬長</p><p>(02)23039076        </p><p>台北市萬華區東園街78號1樓</p>"
121.500735,25.031338,"<p>萬華</p><p>(02)23041593        </p><p>台北市萬華區莒光路216號萬大路57號1樓</p>"
121.500122,25.033601,"<p>萬華站</p><p>(02)23046036        </p><p>台北市萬華區康定路382號</p>"
121.499549,25.035475,"<p>萬運</p><p>(02)23088704        </p><p>台北市萬華區西園路一段153號B1(捷運龍山寺站B1)</p>"
121.506842,25.041138,"<p>漢中</p><p>(02)23120633        </p><p>台北市萬華區漢中街185號187號</p>"
121.504189358369,25.0392089092117,"<p>漢陽</p><p>(02)23310744        </p><p>台北市萬華區昆明街197號199號1樓</p>"
121.506847,25.045579,"<p>漢寧</p><p>(02)23899050        </p><p>台北市萬華區西寧南路85號</p>"
121.503659357913,25.0368319009187,"<p>廣明</p><p>(02)23023362        </p><p>台北市萬華區昆明街285號之3之4</p>"
121.491663348948,25.0267668659438,"<p>興義</p><p>(02)23034630        </p><p>台北市萬華區興義街6號8號1樓</p>"
121.501514356341,25.0361108984322,"<p>龍山</p><p>(02)23068368        </p><p>台北市萬華區康定路203號205號1樓</p>"
121.500593,25.036581,"<p>龍廣</p><p>(02)23362548        </p><p>台北市萬華區廣州街148號</p>"
121.49154,25.032052,"<p>雙環</p><p>(02)23361021        </p><p>台北市萬華區環河南路二段207號</p>"
121.495345,25.023652,"<p>寶昌</p><p>(02)23045536        </p><p>台北市萬華區寶興街186號</p>"
121.507197360718,25.0448479288597,"<p>鑫武昌</p><p>(02)23314737        </p><p>台北市萬華區武昌街二段57號1樓</p>"
121.502404356544,25.021671847996,"<p>鑫青天</p><p>(02)23378341        </p><p>台北市萬華區青年路144號</p>"
121.50487,25.04517,"<p>鑫樂昇</p><p>(02)23754357        </p><p>台北市萬華區武昌街二段114之3號</p>"
121.49347,25.027372,"<p>鑫寶</p><p>(02)23057962        </p><p>台北市萬華區寶興街 43號45號1樓</p>"
121.556352394195,24.9804707032794,"<p>文一</p><p>(02)29383654        </p><p>台北市文山區木新路三段327號</p>"
121.568931403516,24.9867507249986,"<p>文山</p><p>(02)29368284        </p><p>台北市文山區永安街22巷23號25號1樓</p>"
121.562380398697,24.9845987175942,"<p>文忠</p><p>(02)29379722        </p><p>台北市文山區忠順街二段10號1樓</p>"
121.558167,24.98111,"<p>文新</p><p>(02)22349624        </p><p>台北市文山區樟新里木新路三段276號</p>"
121.564063,24.982614,"<p>文儀</p><p>(02)86618765        </p><p>台北市文山區木新路三段54號56號</p>"
121.562958,24.989113,"<p>木柵</p><p>(02)29371739        </p><p>台北市文山區木柵路2段157號</p>"
121.566929,24.988536,"<p>木盛</p><p>(02)86611837        </p><p>台北市文山區木柵路三段88號</p>"
121.566689,24.983168,"<p>木新</p><p>(02)29385892        </p><p>台北市文山區木新路2段255號</p>"
121.546108,24.98975,"<p>世新大</p><p>(02)22361484        </p><p>台北市文山區木柵路1段17巷1號</p>"
121.548578,24.998588,"<p>仙岩</p><p>(02)29335139        </p><p>台北市文山區仙岩路18號</p>"
121.551392,25.002804,"<p>北福興</p><p>(02)29350416        </p><p>台北市文山區興旺里福興路20號</p>"
121.536319,25.008059,"<p>台師大</p><p>(02)86635162        </p><p>台北市文山區汀州路4段88號行政大樓1樓</p>"
121.55664,25.00449,"<p>辛亥站</p><p>(02)86639792        </p><p>台北市文山區辛亥路四段132號</p>"
121.559653396654,24.9825637105334,"<p>忠順</p><p>(02)22345721        </p><p>台北市文山區忠順街1段26巷15號</p>"
121.577273,24.987419,"<p>金恩</p><p>(02)86617034        </p><p>台北市文山區指南路二段149號</p>"
121.56966440408,24.9876877282581,"<p>指南</p><p>(02)29363203        </p><p>台北市文山區指南路1段34號36號1樓</p>"
121.575542,24.987804,"<p>政大</p><p>(02)29362025        </p><p>台北市文山區指南路2段99號101號</p>"
121.579608411683,24.9988117669326,"<p>動物園</p><p>(02)86618147        </p><p>台北市文山區新光路2段30號1樓</p>"
121.555654,25.000271,"<p>康喜</p><p>(02)29332978        </p><p>台北市文山區興隆路三段42號</p>"
121.579901,24.985137,"<p>添恩</p><p>(02)22343580        </p><p>台北市文山區指南路3段8號10號</p>"
121.540934,24.990277,"<p>景中</p><p>(02)86637537        </p><p>台北市文山區景文里景文街96號98號</p>"
121.544545,24.997875,"<p>景高</p><p>(02)89316863        </p><p>台北市文山區景華里景興路14號</p>"
121.540183382936,24.9934507488682,"<p>景捷</p><p>(02)29316909        </p><p>台北市文山區景福街252號</p>"
121.547032,24.995788,"<p>景華</p><p>(02)29314829        </p><p>台北市文山區興東里景華街130號</p>"
121.544858,24.995084,"<p>景興</p><p>(02)29341840        </p><p>台北市文山區景興路113號115號</p>"
121.552137,24.987573,"<p>華興</p><p>(02)22367947        </p><p>台北市文山區木柵路一段168號170號</p>"
121.559929,24.988586,"<p>新安康</p><p>(02)29361151        </p><p>台北市文山區木柵路二段88號90號1樓</p>"
121.574145407467,24.9916427419925,"<p>新秀</p><p>(02)29398096        </p><p>台北市文山區秀明路二段8號10號</p>"
121.560475,24.981486,"<p>新景美</p><p>(02)29388317        </p><p>台北市文山區木新路三段179號181號</p>"
121.538358382098,25.0081628002726,"<p>新萬盛</p><p>(02)86635872        </p><p>台北市文山區羅斯福路5段21號1樓</p>"
121.539438,25.00001,"<p>新萬隆</p><p>(02)29353483        </p><p>台北市文山區羅斯福路六段20號22號</p>"
121.570669,25.000959,"<p>萬芳</p><p>(02)22390910        </p><p>台北市文山區萬安街23號25號</p>"
121.558387,24.999963,"<p>萬芳醫</p><p>(02)29341971        </p><p>台北市文山區興隆路三段111號</p>"
121.567174,25.002163,"<p>萬美</p><p>(02)22398986        </p><p>台北市文山區萬和街6號2樓之1</p>"
121.539261382541,25.0017307777972,"<p>萬隆站</p><p>(02)86632730        </p><p>台北市文山區羅斯福路5段249號1樓</p>"
121.536565,25.004655,"<p>萬福</p><p>(02)29307076        </p><p>台北市文山區萬年里羅斯福路5段170巷33及35號</p>"
121.550272,24.987532,"<p>試院</p><p>(02)22360262        </p><p>台北市文山區木柵路1段139號</p>"
121.544101,24.992714,"<p>漢神</p><p>(02)29338701        </p><p>台北市文山區景中街45號1樓</p>"
121.539619,24.990602,"<p>滬江</p><p>(02)29358120        </p><p>台北市文山區羅斯福路六段308號310號</p>"
121.557376,24.999312,"<p>興北</p><p>(02)29356514        </p><p>台北市文山區興隆路三段108號</p>"
121.553168,25.000183,"<p>興岩</p><p>(02)29335405        </p><p>台北市文山區興隆路2段244巷20號1樓</p>"
121.560104,24.996421,"<p>興芳</p><p>(02)22399843        </p><p>台北市文山區興光里興隆路3段173-175號</p>"
121.550290390508,25.0012897760795,"<p>興隆</p><p>(02)29309249        </p><p>台北市文山區興隆路2段219號</p>"
121.540836,24.992502,"<p>羅捷</p><p>(02)86638381        </p><p>台北市文山區景行里羅斯福路6段391號</p>"
121.538561,25.002325,"<p>羅斯福</p><p>(02)29342178        </p><p>台北市文山區羅斯福路五段216號</p>"
121.583626,25.042837,"<p>中坡</p><p>(02)27864543        </p><p>台北市南港區中坡南路47號1樓</p>"
121.615486,25.059421,"<p>中貿</p><p>(02)27839835        </p><p>台北市南港區經貿二路186號2樓</p>"
121.591949422642,25.054033959556,"<p>玉成</p><p>(02)26548061        </p><p>台北市南港區南港路3段9號1樓</p>"
121.583643416257,25.0450869284587,"<p>玉德</p><p>(02)27863772        </p><p>台北市南港區玉成街150號1樓</p>"
121.594127,25.055919,"<p>向揚</p><p>(02)27831061        </p><p>台北市南港區向陽路166號1樓</p>"
121.616918,25.038393,"<p>庄研</p><p>(02)26539357        </p><p>台北市南港區研究院路二段152號</p>"
121.607617,25.054387,"<p>佳樂</p><p>(02)26533511        </p><p>台北市南港區南港路一段305號</p>"
121.59407,25.05092,"<p>忠陽</p><p>(02)27885107        </p><p>台北市南港區忠孝東路六段465號1樓</p>"
121.593992,25.050252,"<p>昆陽</p><p>(02)27865732        </p><p>台北市南港區忠孝東路6段448號</p>"
121.587128418844,25.0462979326264,"<p>林坊</p><p>(02)27893961        </p><p>台北市南港區東新街80巷1號</p>"
121.615517,25.047641,"<p>研究</p><p>(02)26511171        </p><p>台北市南港區研究院路2段14號</p>"
121.61587,25.044149,"<p>胡適</p><p>(02)26512201        </p><p>台北市南港區研究院路二段94號96號98巷1號</p>"
121.613308438312,25.0551779631611,"<p>香城</p><p>(02)26515362        </p><p>台北市南港區南港路一段167號1樓</p>"
121.58027141399,25.0505259475115,"<p>凱松</p><p>(02)27886050        </p><p>台北市南港區八德路四段778號780號</p>"
121.604558,25.052247,"<p>港泰</p><p>(02)26512992        </p><p>台北市南港區忠孝東路七段359號1樓</p>"
121.591447,25.039379,"<p>港德</p><p>(02)27857774        </p><p>台北市南港區福德街373巷25號</p>"
121.605708,25.056909,"<p>港興</p><p>(02)26516380        </p><p>台北市南港區興華路119號121號123號125號</p>"
121.614191438197,25.0348198920517,"<p>華技</p><p>(02)27835010        </p><p>台北市南港區研究院路三段72號74號1樓</p>"
121.610623,25.03384,"<p>華院</p><p>(02)27851509        </p><p>台北市南港區研究院路三段234號</p>"
121.589022,25.049098,"<p>雄強</p><p>(02)26516017        </p><p>台北市南港區忠孝東路六段276號</p>"
121.600903,25.057143,"<p>慈愛</p><p>(02)26513567        </p><p>台北市南港區重陽路164號</p>"
121.587829,25.041587,"<p>新福玉</p><p>(02)27853061        </p><p>台北市南港區成福路145號147號</p>"
121.61380343871,25.056118966438,"<p>經貿</p><p>(02)27820489        </p><p>台北市南港區三重路19號1樓</p>"
121.594184,25.049094,"<p>聯成</p><p>(02)27893542        </p><p>台北市南港區聯成里昆陽街150-1號150-3號</p>"
121.588323,25.046466,"<p>聯坊</p><p>(02)27893915        </p><p>台北市南港區東新街118巷1號</p>"
121.614137,25.059102,"<p>馥樺</p><p>(02)26521390        </p><p>台北市南港區三重路23號1樓</p>"
121.589833,25.053227,"<p>鵬馳</p><p>(02)27833783        </p><p>台北市南港區南港路三段49-1號</p>"
121.616235,25.051977,"<p>耀港</p><p>(02)27881332        </p><p>台北市南港區研究院路一段99號1樓之14</p>"
121.61613,25.05889,"<p>鑫貿</p><p>(02)27837329        </p><p>台北市南港區經貿二路168號4樓</p>"
121.575066410994,25.0733340272518,"<p>大眾</p><p>(02)26586048        </p><p>台北市內湖區港墘路221巷41號1樓</p>"
121.57817,25.061244,"<p>大潤發</p><p>(02)27967031        </p><p>台北市內湖區舊宗路一段128號</p>"
121.580303,25.070196,"<p>日內瓦</p><p>(02)87912964        </p><p>台北市內湖區瑞光路76巷59號1樓</p>"
121.585883,25.068773,"<p>民東</p><p>(02)27911090        </p><p>台北市內湖區民權東路6段88號</p>"
121.592892,25.068245,"<p>名寶</p><p>(02)87914208        </p><p>台北市內湖區民權東路6段180巷17號19號</p>"
121.590366,25.066119,"<p>成功</p><p>(02)27929460        </p><p>台北市內湖區成功路二段252號</p>"
121.58455,25.056887,"<p>成美</p><p>(02)27911006        </p><p>台北市內湖區新明路317號</p>"
121.599662,25.084854,"<p>成湖</p><p>(02)87910570        </p><p>台北市內湖區成功路四段346號</p>"
121.580118,25.063894,"<p>行龍</p><p>(02)27917850        </p><p>台北市內湖區行愛路128號</p>"
121.566981405476,25.0844760663005,"<p>西武</p><p>(02)26279171        </p><p>台北市內湖區內湖路一段285巷65弄3號5號1樓</p>"
121.567783,25.082263,"<p>西湖</p><p>(02)27988882        </p><p>台北市內湖區內湖路一段321號</p>"
121.613362438822,25.0677330070043,"<p>克里斯</p><p>(02)26327140        </p><p>台北市內湖區五分街33號35號1樓</p>"
121.600053429684,25.084554065992,"<p>秀湖</p><p>(02)27960399        </p><p>台北市內湖區成功路4段359號1樓</p>"
121.576948,25.074982,"<p>見晴</p><p>(02)26599918        </p><p>台北市內湖區瑞光路196號</p>"
121.570641,25.078199,"<p>里昂</p><p>(02)87514839        </p><p>台北市內湖區瑞光路406號1樓</p>"
121.614071,25.068865,"<p>明湖</p><p>(02)26323734        </p><p>台北市內湖區東湖路45號</p>"
121.587655,25.067675,"<p>欣福</p><p>(02)27916033        </p><p>台北市內湖區民權東路6段120巷7弄8號</p>"
121.563942,25.086537,"<p>金湖</p><p>(02)26583308        </p><p>台北市內湖區文湖街83號1樓</p>"
121.594971,25.079848,"<p>金雲</p><p>(02)27945804        </p><p>台北市內湖區星雲街136號</p>"
121.587246420431,25.0882300790592,"<p>金碧</p><p>(02)27921145        </p><p>台北市內湖區金龍路215號1樓</p>"
121.595079,25.084383,"<p>金德</p><p>(02)87923496        </p><p>台北市內湖區金龍路5號1F</p>"
121.593309424743,25.0846150663268,"<p>金龍</p><p>(02)87917475        </p><p>台北市內湖區內湖路二段407號409號1樓</p>"
121.589237,25.086326,"<p>金聯發</p><p>(02)87922259        </p><p>台北市內湖區內湖路三段141巷7號</p>"
121.599410429355,25.0884350795571,"<p>長鴻</p><p>(02)87910970        </p><p>台北市內湖區大湖山莊街219巷6號8號1樓</p>"
121.590507,25.078026,"<p>星成</p><p>(02)27942674        </p><p>台北市內湖區星雲街17號</p>"
121.568966,25.079267,"<p>洲子</p><p>(02)26586174        </p><p>台北市內湖區瑞光路517號1樓</p>"
121.611986,25.067786,"<p>悅來</p><p>(02)26322173        </p><p>台北市內湖區五分街1號</p>"
121.610662,25.072728,"<p>晏揚</p><p>(02)26345565        </p><p>台北市內湖區康寧路三段99巷14號</p>"
121.576101,25.056973,"<p>參龍</p><p>(02)27939884        </p><p>台北市內湖區行善路64號</p>"
121.590522422179,25.0701230157673,"<p>國醫</p><p>(02)87929421        </p><p>台北市內湖區成功路2段325號1樓</p>"
121.612189,25.071451,"<p>康明</p><p>(02)26309123        </p><p>台北市內湖區康寧路三段165巷23弄1號</p>"
121.594443,25.078978,"<p>康雲</p><p>(02)27922754        </p><p>台北市內湖區康寧路一段160號</p>"
121.605603433311,25.0725200238652,"<p>康葫</p><p>(02)26317093        </p><p>台北市內湖區民權東路六段296巷3號1樓</p>"
121.607934,25.072185,"<p>康寧</p><p>(02)26328942        </p><p>台北市內湖區康寧路三段26巷1號</p>"
121.608619,25.075598,"<p>康醫</p><p>(02)26347094        </p><p>台北市內湖區成功路5段420巷30號</p>"
121.576433,25.056893,"<p>彩龍</p><p>(02)87902990        </p><p>台北市內湖區行善路35號1F</p>"
121.61561,25.072068,"<p>清圳</p><p>(02)26329402        </p><p>台北市內湖區東湖路113巷88號</p>"
121.596672427122,25.0822780581049,"<p>清湖</p><p>(02)27901341        </p><p>台北市內湖區金湖路49號1樓</p>"
121.578343,25.082951,"<p>富港</p><p>(02)26276254        </p><p>台北市內湖區港富里港墘路15號1樓</p>"
121.574918411226,25.0830430611604,"<p>港華</p><p>(02)27986183        </p><p>台北市內湖區港華街40號1樓</p>"
121.578727,25.079726,"<p>港鑫</p><p>(02)26270994        </p><p>台北市內湖區內湖路1段737巷35號</p>"
121.5852,25.074963,"<p>紫陽</p><p>(02)87512875        </p><p>台北市內湖區紫陽里陽光街159號</p>"
121.590981,25.080625,"<p>紫新</p><p>(02)87920524        </p><p>台北市內湖區成功路三段201號1樓</p>"
121.577601,25.065267,"<p>華經</p><p>(02)27906651        </p><p>台北市內湖區行忠路30號</p>"
121.576204,25.072742,"<p>匯陽</p><p>(02)87977391        </p><p>台北市內湖區陽光街383號</p>"
121.581064,25.054867,"<p>新潭美</p><p>(02)27942796        </p><p>台北市內湖區新明路425號427號</p>"
121.579009,25.076249,"<p>瑞江</p><p>(02)26587055        </p><p>台北市內湖區瑞陽里江南街71巷16弄76號</p>"
121.573272,25.075833,"<p>瑞和</p><p>(02)26584041        </p><p>台北市內湖區瑞光路316巷56號1樓</p>"
121.57059040796,25.0800780508802,"<p>瑞東</p><p>(02)87514830        </p><p>台北市內湖區洲子街102號1樓</p>"
121.576059411745,25.0740750298223,"<p>瑞富</p><p>(02)26589047        </p><p>台北市內湖區瑞光路188巷51號1樓</p>"
121.575454,25.076165,"<p>瑞湖</p><p>(02)26588016        </p><p>台北市內湖區江南街128號</p>"
121.568115,25.080918,"<p>瑞寶</p><p>(02)87512228        </p><p>台北市內湖區瑞光路583巷27號1樓</p>"
121.566309,25.080175,"<p>瑞鑫</p><p>(02)26579574        </p><p>台北市內湖區瑞光路580號</p>"
121.589663,25.082,"<p>達人</p><p>(02)27945695        </p><p>台北市內湖區內湖路2段249號251號</p>"
121.592054423878,25.086132071647,"<p>碧綠</p><p>(02)87917023        </p><p>台北市內湖區內湖路三段59巷1號61號63號</p>"
121.571291,25.082437,"<p>福湖</p><p>(02)26274816        </p><p>台北市內湖區內湖路一段411巷17號19弄1號</p>"
121.575809411767,25.0799050501864,"<p>墘都</p><p>(02)87977260        </p><p>台北市內湖區內湖路一段669號</p>"
121.590867,25.082374,"<p>德成</p><p>(02)27954608        </p><p>台北市內湖區內湖路2段366號</p>"
121.591748,25.082275,"<p>德福</p><p>(02)27943371        </p><p>台北市內湖區成功路4段30巷27號29號31號</p>"
121.573387,25.07906,"<p>德馨</p><p>(02)87511020        </p><p>台北市內湖區洲子街46號</p>"
121.575009411363,25.0850480681607,"<p>環金</p><p>(02)27997036        </p><p>台北市內湖區環山路二段81號83號1樓</p>"
121.566875405472,25.0866260738107,"<p>環湖</p><p>(02)87974566        </p><p>台北市內湖區環山路一段70號</p>"
121.572277409236,25.0813420552655,"<p>麗安</p><p>(02)26274284        </p><p>台北市內湖區內湖路一段445號1樓</p>"
121.61953,25.073387,"<p>瓏山林</p><p>(02)26329723        </p><p>台北市內湖區康樂街125巷2號</p>"
121.620648,25.075874,"<p>瓏馬</p><p>(02)26342774        </p><p>台北市內湖區康樂街213號</p>"
121.561294,25.084548,"<p>馨瑩</p><p>(02)26574995        </p><p>台北市內湖區內湖路一段91巷2號</p>"
121.604391432455,25.073409026992,"<p>權金</p><p>(02)26324440        </p><p>台北市內湖區金湖路405號1樓</p>"
121.583371,25.078726,"<p>鑫文德</p><p>(02)87977622        </p><p>台北市內湖區文德路99號1樓</p>"
121.578876413961,25.0785200452965,"<p>鑫江南</p><p>(02)26589241        </p><p>台北市內湖區文德路6號1樓</p>"
121.608259,25.072353,"<p>鑫碁泰</p><p>(02)26347648        </p><p>台北市內湖區康寧路三段63號65號67號</p>"
121.617076,25.069845,"<p>鑫輝煌</p><p>(02)26311820        </p><p>台北市內湖區東湖路119巷49弄2號1樓</p>"
121.535807383839,25.1180611841008,"<p>三玉</p><p>(02)28744580        </p><p>台北市士林區天母東路88之1號1樓</p>"
121.522695,25.084129,"<p>三樂</p><p>(02)28832921        </p><p>台北市士林區劍潭路21號1樓</p>"
121.523789374326,25.0947921030257,"<p>士正</p><p>(02)28813350        </p><p>台北市士林區中正路301號1樓</p>"
121.527814,25.111915,"<p>士東</p><p>(02)28359152        </p><p>台北市士林區士東路48號</p>"
121.526199,25.087836,"<p>士鑽</p><p>(02)28820935        </p><p>台北市士林區文林路102號B1</p>"
121.524099,25.097251,"<p>丹樺</p><p>(02)28314649        </p><p>台北市士林區文林路530號</p>"
121.508421363035,25.0911050903824,"<p>友成</p><p>(02)88112514        </p><p>台北市士林區社中街211號1樓</p>"
121.527473377779,25.1187811867462,"<p>天北</p><p>(02)28760659        </p><p>台北市士林區天母里天母西路39-1號1樓</p>"
121.531242,25.118703,"<p>天東</p><p>(02)28734093        </p><p>台北市士林區中山北路7段14巷2-1號</p>"
121.530156,25.114305,"<p>天美</p><p>(02)28762701        </p><p>台北市士林區天母東路8巷98號</p>"
121.531436,25.123138,"<p>天真</p><p>(02)28728894        </p><p>台北市士林區中山北路7段141巷6之1號1樓</p>"
121.533244,25.116888,"<p>天越</p><p>(02)28724484        </p><p>台北市士林區天母東路50巷25號</p>"
121.532660381736,25.1240542050803,"<p>天裕</p><p>(02)28724419        </p><p>台北市士林區中山北路七段156號1樓</p>"
121.531867,25.116812,"<p>天福</p><p>(02)28738299        </p><p>台北市士林區天母東路8巷31弄2號</p>"
121.526963,25.119864,"<p>天鑫</p><p>(02)28754546        </p><p>台北市士林區天玉街8號</p>"
121.541887,25.137791,"<p>太學</p><p>(02)28627655        </p><p>台北市士林區華岡路45之1號1樓</p>"
121.546486,25.137934,"<p>文大</p><p>(02)28623443        </p><p>台北市士林區格致路57號</p>"
121.526590376207,25.0898780858212,"<p>文林</p><p>(02)28810417        </p><p>台北市士林區大北路14號16號1樓</p>"
121.54161,25.137299,"<p>文學</p><p>(02)28613776        </p><p>台北市士林區光華路26巷10號1樓</p>"
121.51988,25.097087,"<p>冬樂</p><p>(02)28345642        </p><p>台北市士林區美崙街112號一樓</p>"
121.550925,25.100437,"<p>至善天下</p><p>(02)28830232        </p><p>台北市士林區至善路二段264號</p>"
121.529259,25.10181,"<p>至誠</p><p>(02)28359740        </p><p>台北市士林區至誠路二段31號</p>"
121.5146,25.093999,"<p>兒樂</p><p>(02)28348349        </p><p>台北市士林區承德路五段55號</p>"
121.522847,25.089097,"<p>承河</p><p>(02)28817180        </p><p>台北市士林區基河路132號1樓</p>"
121.52277,25.081019,"<p>承富</p><p>(02)28862627        </p><p>台北市士林區承德路四段39號</p>"
121.532398,25.118896,"<p>東洋</p><p>(02)28753409        </p><p>台北市士林區中山北路7段14巷19號Ｂ1</p>"
121.505185360726,25.0924230950332,"<p>社中</p><p>(02)28119270        </p><p>台北市士林區社中街320號322號1樓</p>"
121.508208362729,25.0862060732768,"<p>社鑽</p><p>(02)28137115        </p><p>台北市士林區中正路639號1樓</p>"
121.522863373909,25.1028711312543,"<p>芝山</p><p>(02)28316143        </p><p>台北市士林區福華路126號1樓</p>"
121.532808,25.107718,"<p>芝玉</p><p>(02)28350887        </p><p>台北市士林區忠義街121號</p>"
121.521541372406,25.0858790719334,"<p>前港</p><p>(02)28818943        </p><p>台北市士林區後港街98之1號2號1樓</p>"
121.4982213557,25.093424098631,"<p>洲美</p><p>(02)28162633        </p><p>台北市士林區延平北路六段505號</p>"
121.546449,25.136941,"<p>草山</p><p>(02)28626422        </p><p>台北市士林區格致路28號</p>"
121.53134,25.105828,"<p>凱立</p><p>(02)28329371        </p><p>台北市士林區忠義街68號</p>"
121.541482,25.136886,"<p>華岡</p><p>(02)28625528        </p><p>台北市士林區光華路26巷7-1號</p>"
121.519337370717,25.0831350623844,"<p>華齡</p><p>(02)28835452        </p><p>台北市士林區華齡街17巷2號4號1樓</p>"
121.505126,25.089588,"<p>集鑫</p><p>(02)28163245        </p><p>台北市士林區延平北路6段202號204號</p>"
121.525449375434,25.091682092139,"<p>新士林</p><p>(02)28835732        </p><p>台北市士林區大東路123號125號1樓</p>"
121.52448437528,25.1087991519319,"<p>新天強</p><p>(02)28385947        </p><p>台北市士林區克強路11及11-1號1樓</p>"
121.521305,25.096115,"<p>新文</p><p>(02)28353709        </p><p>台北市士林區文昌路64號</p>"
121.526761376786,25.1040341352557,"<p>新忠誠</p><p>(02)28314978        </p><p>台北市士林區中山北路6段18號20號1樓</p>"
121.522042,25.080383,"<p>新承德</p><p>(02)28857157        </p><p>台北市士林區承德路4段30號</p>"
121.532655,25.096887,"<p>新福林</p><p>(02)28310527        </p><p>台北市士林區福林路191號</p>"
121.524946,25.086269,"<p>新福慶</p><p>(02)28813445        </p><p>台北市士林區基河路1號1樓(部份)</p>"
121.517487,25.084339,"<p>新劍潭</p><p>(02)28882016        </p><p>台北市士林區福港街246號</p>"
121.510066364018,25.0842820665299,"<p>葫東</p><p>(02)28137082        </p><p>台北市士林區延平北路五段228號230號1樓</p>"
121.510364364169,25.0821780591777,"<p>葫蘆</p><p>(02)28112919        </p><p>台北市士林區延平北路五段134號134-2號1樓</p>"
121.528778,25.105707,"<p>誠義</p><p>(02)28353013        </p><p>台北市士林區忠誠路一段126號</p>"
121.53226,25.098488,"<p>福志</p><p>(02)88663358        </p><p>台北市士林區雨農路25號</p>"
121.522372,25.102057,"<p>福芝</p><p>(02)28358739        </p><p>台北市士林區福國路94號</p>"
121.507855362569,25.0893070841116,"<p>福氣</p><p>(02)28162416        </p><p>台北市士林區延平北路六段122號124號1樓</p>"
121.526054375975,25.0948261031095,"<p>福捷</p><p>(02)28839690        </p><p>台北市士林區中正路235巷14號</p>"
121.515860368395,25.0896290851161,"<p>福通</p><p>(02)28881028        </p><p>台北市士林區大南路400號402號1樓</p>"
121.509577363697,25.0853550702844,"<p>福陽</p><p>(02)28162119        </p><p>台北市士林區延平北路五段269號271號1樓</p>"
121.51185,25.083225,"<p>福順</p><p>(02)28166747        </p><p>台北市士林區重慶北路4段149號151號1樓</p>"
121.521269,25.104145,"<p>福溢</p><p>(02)28312758        </p><p>台北市士林區德行西路96號</p>"
121.526092,25.095529,"<p>福榮</p><p>(02)28330676        </p><p>台北市士林區中正路220號222號</p>"
121.522541,25.094652,"<p>福鑫</p><p>(02)28356026        </p><p>台北市士林區中正路324號</p>"
121.526197,25.095263,"<p>福讚</p><p>(02)28891573        </p><p>台北市士林區中正路227號</p>"
121.501219,25.090706,"<p>聚鑫</p><p>(02)88111492        </p><p>台北市士林區延平北路六段350號</p>"
121.525126374967,25.0844250668005,"<p>劍潭站</p><p>(02)28832704        </p><p>台北市士林區中山北路五段65號1樓</p>"
121.522989,25.105272,"<p>德天</p><p>(02)28344941        </p><p>台北市士林區德行西路52號1樓</p>"
121.530636379773,25.1090801528175,"<p>德行</p><p>(02)28341724        </p><p>台北市士林區忠誠路二段7號1樓</p>"
121.534693,25.109746,"<p>德東</p><p>(02)28342488        </p><p>台北市士林區德行東路262號1樓</p>"
121.537651,25.11177,"<p>德芝</p><p>(02)28347062        </p><p>台北市士林區士東路286巷37號</p>"
121.522190373357,25.1009171244407,"<p>德華</p><p>(02)28310427        </p><p>台北市士林區文林路669號1樓及B1</p>"
121.528702378322,25.1078141484265,"<p>德誠</p><p>(02)28344429        </p><p>台北市士林區德行東路106號108號1樓</p>"
121.518275,25.088952,"<p>豫鋒</p><p>(02)28832762        </p><p>台北市士林區大南路322號</p>"
121.525082,25.106373,"<p>蘭雅</p><p>(02)28356410        </p><p>台北市士林區中山北路6段150號</p>"
121.552876,25.118849,"<p>鑫仰德</p><p>(02)28618640        </p><p>台北市士林區仰德大道三段68號70號</p>"
121.468456,25.12815,"<p>一德</p><p>(02)28984000        </p><p>台北市北投區中央北路4段513號</p>"
121.501056,25.130534,"<p>大中</p><p>(02)28963137        </p><p>台北市北投區中央南路一段114號</p>"
121.4849,25.137918,"<p>中陽</p><p>(02)28953832        </p><p>台北市北投區中央北路三段55號57號1樓</p>"
121.508172363924,25.1256062108754,"<p>公岩</p><p>(02)28946735        </p><p>台北市北投區公館路259號1樓</p>"
121.503115,25.133059,"<p>公館</p><p>(02)28965936        </p><p>台北市北投區公館路31號</p>"
121.523837,25.113726,"<p>天富</p><p>(02)28226934        </p><p>台北市北投區富貴一路3號1樓</p>"
121.506171862779,25.1356927461313,"<p>加賀屋</p><p>(02)28941650        </p><p>台北市北投區溫泉路73巷5號地下二樓之1</p>"
121.50179,25.13909,"<p>北投</p><p>(02)28941151        </p><p>台北市北投區中和街222號</p>"
121.515502,25.115351,"<p>石捷</p><p>(02)28208526        </p><p>台北市北投區石牌路二段8號</p>"
121.502749,25.118635,"<p>立農</p><p>(02)28203682        </p><p>台北市北投區承德路7段378號</p>"
121.501821,25.133288,"<p>光中</p><p>(02)28971043        </p><p>台北市北投區光明路122號</p>"
121.512955,25.117452,"<p>安遠</p><p>(02)28261043        </p><p>台北市北投區致遠二路149號</p>"
121.510143,25.11313,"<p>百齡</p><p>(02)28209915        </p><p>台北市北投區石牌路一段35號</p>"
121.524370375647,25.1228562010257,"<p>行義</p><p>(02)28728978        </p><p>台北市北投區石牌路二段335號1樓</p>"
121.499361359647,25.1301702271446,"<p>西安</p><p>(02)28949299        </p><p>台北市北投區大興街44號46號1樓</p>"
121.495229,25.145234,"<p>秀山</p><p>(02)28947141        </p><p>台北市北投區中和街476號478號</p>"
121.472414337998,25.128370221039,"<p>和信醫</p><p>(02)28936831        </p><p>台北市北投區立德路125號1樓</p>"
121.503438,25.137517,"<p>和業</p><p>(02)28951924        </p><p>台北市北投區中和街10號</p>"
121.469653335915,25.1256312115109,"<p>和碩</p><p>(02)28988710        </p><p>台北市北投區立功街76號1樓</p>"
121.501475,25.126287,"<p>奇岩</p><p>(02)28952945        </p><p>台北市北投區崇仁路一段76號</p>"
121.510813,25.111447,"<p>承啟</p><p>(02)28238908        </p><p>台北市北投區福興里承德路七段76號</p>"
121.519411,25.10946,"<p>明華</p><p>(02)28262195        </p><p>台北市北投區明德路99號</p>"
121.520245,25.109879,"<p>明德</p><p>(02)28220224        </p><p>台北市北投區明德路114號</p>"
121.517952,25.116486,"<p>東華</p><p>(02)28262900        </p><p>台北市北投區裕民一路40巷1號</p>"
121.4661623332,25.1192511892766,"<p>知心</p><p>(02)28585721        </p><p>台北市北投區知行路185號1樓</p>"
121.499919358385,25.1410502649339,"<p>金和</p><p>(02)28919043        </p><p>台北市北投區中和街314號316號1樓</p>"
121.496048,25.136464,"<p>政戰</p><p>(02)28914209        </p><p>台北市北投區中央北路二段15號17號</p>"
121.504344361493,25.137204251437,"<p>春天</p><p>(02)28950720        </p><p>台北市北投區泉源路12-1號1樓</p>"
121.504897361835,25.1352262445209,"<p>泉北</p><p>(02)28930420        </p><p>台北市北投區溫泉路70號</p>"
121.506521,25.140187,"<p>泉源</p><p>(02)28975244        </p><p>台北市北投區泉源路30號地下一樓</p>"
121.512396,25.114053,"<p>致遠</p><p>(02)28208072        </p><p>台北市北投區石牌路一段126號</p>"
121.516329,25.116865,"<p>振華</p><p>(02)28218145        </p><p>台北市北投區石牌路2段80號82號</p>"
121.522374374026,25.1177151831022,"<p>振興醫</p><p>(02)28216509        </p><p>台北市北投區振興街45號B1</p>"
121.506861,25.129499,"<p>清江</p><p>(02)28950047        </p><p>台北市北投區公館路165號1樓</p>"
121.514648,25.11059,"<p>統勝</p><p>(02)28234063        </p><p>台北市北投區自強街82號</p>"
121.508177,25.114959,"<p>富邦</p><p>(02)28214947        </p><p>台北市北投區實踐街22號24號</p>"
121.471387337145,25.1246082079146,"<p>華碩</p><p>(02)28585257        </p><p>台北市北投區立德路15號B1</p>"
121.517646,25.10564,"<p>新豪美</p><p>(02)28233553        </p><p>台北市北投區文林北路98號100號</p>"
121.522754374424,25.121492196287,"<p>榮總</p><p>(02)28715743        </p><p>台北市北投區石牌路2段301號</p>"
121.51363736748,25.1120151633288,"<p>福致</p><p>(02)28223783        </p><p>台北市北投區致遠一路二段49號51號1樓</p>"
121.51874937111,25.109047152886,"<p>德致</p><p>(02)28231984        </p><p>台北市北投區明德路87號89號1樓</p>"
121.547476,25.152493,"<p>擎天崗</p><p>(02)28613652        </p><p>台北市北投區湖山路一段12號</p>"
121.499545,25.134852,"<p>薇閣</p><p>(02)28944880        </p><p>台北市北投區中央北路一段108號</p>"
121.500961,25.137221,"<p>雙全</p><p>(02)28940338        </p><p>台北市北投區中庸里大業路715-717號</p>"
121.519656,25.114096,"<p>懷得</p><p>(02)28279042        </p><p>台北市北投區懷德街85號1樓</p>"
121.467399,25.121604,"<p>關渡</p><p>(02)28581719        </p><p>台北市北投區知行路282號</p>"
121.506854362714,25.1175401827255,"<p>鐏賢</p><p>(02)28272331        </p><p>台北市北投區尊賢街247號</p>"
121.522299,25.118001,"<p>護專</p><p>(02)28264184        </p><p>台北市北投區振興街31號</p>"
